agent,model,n,parse_rate,cc_f1_mean,cc_f1_ci_low,cc_f1_ci_high,donespec_valid_mean,near_miss_detection_rate_mean,task_success_mean,task_success_ci_low,task_success_ci_high,self_violation_rate_mean
direct,deepseek_v4_flash,500,0.992,0.4368472117105311,0.4234112383242944,0.4515535645261022,0.998,0.5987999999999999,0.0,0.0,0.0,0.501
plan_first,deepseek_v4_flash,500,0.974,0.4759385932862848,0.4613473977246561,0.4916463747551263,0.998,0.5987999999999999,0.0,0.0,0.0,0.501
spec_first,deepseek_v4_flash,500,0.944,0.5666341397740173,0.5508808846875071,0.5824941660491921,0.844,0.5064,0.254,0.216,0.292,0.156
direct,deepseek_v4_pro,500,0.888,0.5999895694580268,0.5818840386320628,0.616295045109038,0.954,0.5724,0.0,0.0,0.0,0.523
plan_first,deepseek_v4_pro,500,0.95,0.5532840083401142,0.537364166971861,0.5696295791211899,0.936,0.5615999999999999,0.0,0.0,0.0,0.532
spec_first,deepseek_v4_pro,500,0.636,0.6803778404581017,0.6596079770556204,0.7010245559220771,0.738,0.4427999999999999,0.084,0.062,0.108,0.262
