model,agent,n,parsed,fallback,parse_rate,fallback_rate,mean_latency_s,mean_prompt_tokens,mean_completion_tokens,mean_total_tokens
deepseek_v4_flash,direct,500,496,4,0.992,0.008,19.349020387599914,457.87,1110.406,1568.276
deepseek_v4_flash,plan_first,500,487,13,0.974,0.026,20.300229072200075,465.87,1316.76,1782.63
deepseek_v4_flash,spec_first,500,472,28,0.944,0.056,25.029670190199976,458.87,1673.054,2131.924
deepseek_v4_pro,direct,500,444,56,0.888,0.112,59.73735631959944,457.87,1949.516,2407.386
deepseek_v4_pro,plan_first,500,475,25,0.95,0.05,56.13617279560023,465.87,1790.39,2256.26
deepseek_v4_pro,spec_first,500,318,182,0.636,0.364,67.72869177419975,458.87,2206.362,2665.232
