model,agent,n,cc_f1_mean,cc_f1_ci_low,cc_f1_ci_high,donespec_valid_mean,donespec_valid_ci_low,donespec_valid_ci_high,near_miss_detection_rate_mean,near_miss_detection_rate_ci_low,near_miss_detection_rate_ci_high,task_success_mean,task_success_ci_low,task_success_ci_high,self_violation_rate_mean,self_violation_rate_ci_low,self_violation_rate_ci_high,parse_rate,fallback_rate,repaired_rate,quarantine_recommended,tool_plan_rate,mean_tool_calls,mean_missing_precondition_steps,mean_unknown_tool_steps,mean_confirmation_steps
deepseek_v4_flash,direct,100,0.5075337085213699,0.4728114785037594,0.5398827104751303,1.0,1.0,1.0,0.714285714285714,0.714285714285714,0.714285714285714,0.0,0.0,0.0,0.4061904761904761,0.3793988095238095,0.432985119047619,0.98,0.02,0.0,False,1.0,2.08,0.0,0.0,0.4
deepseek_v4_flash,plan_first,100,0.5118221454589741,0.4799952489046377,0.5429113046581229,1.0,1.0,1.0,0.714285714285714,0.714285714285714,0.714285714285714,0.0,0.0,0.0,0.4427380952380952,0.4195238095238096,0.4654880952380952,1.0,0.0,0.06,False,1.0,1.4,0.0,0.0,0.23
deepseek_v4_flash,spec_first,100,0.6333920649202095,0.5985125763844756,0.6671952128610624,0.94,0.89,0.98,0.6714285714285713,0.6357142857142858,0.6999999999999997,0.06,0.02,0.11,0.4094642857142856,0.361641865079365,0.4552842261904761,0.91,0.09,0.09,False,1.0,1.87,0.0,0.0,0.31
deepseek_v4_pro,direct,100,0.6240224686951656,0.5881958340420448,0.6609795546458107,0.99,0.96975,1.0,0.707142857142857,0.6926785714285711,0.714285714285714,0.0,0.0,0.0,0.4767857142857143,0.4557142857142857,0.4964285714285714,0.9,0.1,0.26,False,1.0,0.83,0.0,0.0,0.14
deepseek_v4_pro,plan_first,100,0.6153091080555247,0.5775511545745364,0.6486763819517395,0.92,0.87,0.97,0.657142857142857,0.6214285714285714,0.6928571428571426,0.0,0.0,0.0,0.5067857142857143,0.4721428571428571,0.5409062499999999,0.94,0.06,0.17,False,1.0,0.84,0.0,0.0,0.13
deepseek_v4_pro,spec_first,100,0.7193860355462326,0.6772015605274561,0.7592611137279665,0.68,0.59,0.76,0.4857142857142857,0.4214285714285715,0.5428571428571429,0.07,0.03,0.12,0.5681746031746031,0.4992638888888888,0.6356686507936508,0.68,0.32,0.24,True,1.0,1.84,0.0,0.0,0.3
