model,agent,n,parsed,fallback,parse_rate,fallback_rate,mean_attempts,mean_latency_s,mean_prompt_tokens,mean_completion_tokens,mean_total_tokens,mean_prompt_chars,mean_raw_output_chars,repaired_rate,quarantine_recommended
deepseek_v4_flash,direct_token_matched,500,498,2,0.996,0.004,1.0,12.674515878800143,673.58,1012.356,1685.936,3200.0,1388.364,0.006,False
deepseek_v4_flash,plan_first_token_matched,500,488,12,0.976,0.024,1.0,16.719965207799994,678.306,1351.05,2029.356,3200.0,1586.884,0.022,False
deepseek_v4_flash,spec_first_token_matched,500,477,23,0.954,0.046,1.0,22.18022425159966,669.682,1662.202,2331.884,3200.0,2247.764,0.08,False
deepseek_v4_pro,direct_token_matched,500,487,13,0.974,0.026,1.0,49.68985043779999,673.58,1529.152,2202.732,3200.0,1997.618,0.052,False
deepseek_v4_pro,plan_first_token_matched,500,486,14,0.972,0.028,1.0,47.3799025507998,678.306,1464.084,2142.39,3200.0,1992.398,0.034,False
deepseek_v4_pro,spec_first_token_matched,500,443,57,0.886,0.114,1.0,62.35639558359995,669.682,1978.772,2648.454,3200.0,2209.562,0.188,False
