model,agent,n,cc_f1_mean,cc_f1_ci_low,cc_f1_ci_high,donespec_valid_mean,donespec_valid_ci_low,donespec_valid_ci_high,near_miss_detection_rate_mean,near_miss_detection_rate_ci_low,near_miss_detection_rate_ci_high,task_success_mean,task_success_ci_low,task_success_ci_high,self_violation_rate_mean,self_violation_rate_ci_low,self_violation_rate_ci_high
deepseek_v4_flash,direct,250,0.9294064641241113,0.9206138170652878,0.93673767291532,0.956,0.932,0.98,0.5735999999999999,0.5591999999999999,0.588,0.0,0.0,0.0,0.522,0.51,0.534
deepseek_v4_flash,plan_first,250,0.9255516483516485,0.915527731092437,0.9332476470588236,0.952,0.924,0.976,0.5711999999999999,0.5544,0.5855999999999999,0.0,0.0,0.0,0.524,0.512,0.538
deepseek_v4_flash,spec_first,250,0.9189905388728918,0.9061192307692308,0.9308626902509255,0.948,0.92,0.976,0.5688,0.552,0.5855999999999999,1.0,1.0,1.0,0.052,0.024,0.08
deepseek_v4_pro,direct,250,0.925072127872128,0.9145816248457425,0.9338661844038315,0.952,0.924,0.976,0.5711999999999999,0.5544,0.5855999999999999,0.0,0.0,0.0,0.524,0.512,0.538
deepseek_v4_pro,plan_first,250,0.9244739260739261,0.9143733525298231,0.9335338009049775,0.944,0.916,0.972,0.5663999999999999,0.5495999999999999,0.5831999999999999,0.0,0.0,0.0,0.528,0.514,0.542
deepseek_v4_pro,spec_first,250,0.9280703296703298,0.9193855332902392,0.9351148998060763,0.948,0.92,0.972,0.5688,0.552,0.5831999999999999,1.0,1.0,1.0,0.052,0.028,0.08
