model,agent,n,cc_f1_mean,cc_f1_ci_low,cc_f1_ci_high,donespec_valid_mean,donespec_valid_ci_low,donespec_valid_ci_high,near_miss_detection_rate_mean,near_miss_detection_rate_ci_low,near_miss_detection_rate_ci_high,task_success_mean,task_success_ci_low,task_success_ci_high,self_violation_rate_mean,self_violation_rate_ci_low,self_violation_rate_ci_high
deepseek_v4_flash,direct,50,0.44422125260360545,0.40248694695827053,0.48152775174172235,1.0,1.0,1.0,0.6000000000000001,0.6000000000000001,0.6000000000000001,0.0,0.0,0.0,1.0,1.0,1.0
deepseek_v4_flash,plan_first,50,0.4660928679163973,0.41627056938159873,0.5123494667097607,1.0,1.0,1.0,0.6000000000000001,0.6000000000000001,0.6000000000000001,0.0,0.0,0.0,1.0,1.0,1.0
deepseek_v4_flash,spec_first,50,0.6743359378839253,0.6244091196127575,0.7198467148262814,0.94,0.8795000000000001,1.0,0.5640000000000001,0.5277000000000001,0.6000000000000001,0.14,0.06,0.24,0.7466666666666666,0.6266666666666667,0.86
deepseek_v4_pro,direct,50,0.5547315687408567,0.4993265029088559,0.6101525436895407,0.92,0.84,0.98,0.552,0.504,0.5880000000000001,0.0,0.0,0.0,1.0,1.0,1.0
deepseek_v4_pro,plan_first,50,0.5486686607166483,0.5055936541958214,0.5958891760415368,0.94,0.86,1.0,0.5640000000000001,0.5160000000000001,0.6000000000000001,0.0,0.0,0.0,1.0,1.0,1.0
deepseek_v4_pro,spec_first,50,0.6847591754650577,0.6024743320405085,0.761415355885944,0.76,0.64,0.88,0.45600000000000007,0.38400000000000006,0.528,0.1,0.02,0.2,0.8266666666666665,0.72,0.92
