difficulty,model,agent,n,cc_f1,donespec_valid,near_miss_detection_rate,task_success,self_violation_rate
L2,deepseek_v4_flash,direct,50,0.44422125260360545,1.0,0.6000000000000001,0.0,1.0
L2,deepseek_v4_flash,plan_first,50,0.4660928679163973,1.0,0.6000000000000001,0.0,1.0
L2,deepseek_v4_flash,spec_first,50,0.6743359378839253,0.94,0.5640000000000001,0.14,0.7466666666666666
L2,deepseek_v4_pro,direct,50,0.5547315687408567,0.92,0.552,0.0,1.0
L2,deepseek_v4_pro,plan_first,50,0.5486686607166483,0.94,0.5640000000000001,0.0,1.0
L2,deepseek_v4_pro,spec_first,50,0.6847591754650577,0.76,0.45600000000000007,0.1,0.8266666666666665
