metric,model_a,model_b,mean_diff_a_minus_b,ci_low,ci_high,n_pairs
cc_f1,deepseek_v4_flash,deepseek_v4_pro,-0.0744121874570791,-0.10824316773268011,-0.03679687313746911,150
donespec_valid,deepseek_v4_flash,deepseek_v4_pro,0.10666666666666667,0.05333333333333334,0.16666666666666666,150
near_miss_detection_rate,deepseek_v4_flash,deepseek_v4_pro,0.096,0.04666666666666667,0.15069999999999997,150
task_success,deepseek_v4_flash,deepseek_v4_pro,0.06666666666666667,-0.006666666666666667,0.13333333333333333,150
self_violation_rate,deepseek_v4_flash,deepseek_v4_pro,-0.09666666666666666,-0.18704629629629632,-0.006638888888888915,150
