model,agent,n,cc_f1_mean,cc_f1_ci_low,cc_f1_ci_high,donespec_valid_mean,donespec_valid_ci_low,donespec_valid_ci_high,near_miss_detection_rate_mean,near_miss_detection_rate_ci_low,near_miss_detection_rate_ci_high,task_success_mean,task_success_ci_low,task_success_ci_high,self_violation_rate_mean,self_violation_rate_ci_low,self_violation_rate_ci_high,parse_rate,fallback_rate,tool_plan_rate,mean_tool_calls,mean_missing_precondition_steps,mean_unknown_tool_steps,mean_confirmation_steps
deepseek_v4_flash,direct_token_matched,50,0.4694893341952165,0.4250105715363068,0.5075832067442362,1.0,1.0,1.0,0.6000000000000001,0.6000000000000001,0.6000000000000001,0.18,0.08,0.28,0.6833333333333335,0.5666666666666668,0.8033333333333332,1.0,0.0,1.0,2.22,0.0,0.0,0.34
deepseek_v4_flash,plan_first_token_matched,50,0.4599656324068089,0.4200111524096818,0.5019123267255621,0.98,0.94,1.0,0.5880000000000001,0.5640000000000001,0.6000000000000001,0.16,0.06,0.26,0.68,0.5533333333333333,0.8,1.0,0.0,1.0,2.38,0.0,0.0,0.36
deepseek_v4_flash,spec_first_token_matched,50,0.5938485599367952,0.5427985895640307,0.6442558608058608,0.92,0.84,0.98,0.92,0.84,0.98,0.18,0.08,0.3,0.74,0.6221666666666665,0.8511666666666666,0.9,0.1,1.0,1.82,0.0,0.0,0.28
deepseek_v4_pro,direct_token_matched,50,0.569515298427063,0.5192587175895998,0.617514649321267,0.98,0.94,1.0,0.5880000000000001,0.5640000000000001,0.6000000000000001,0.08,0.02,0.16,0.8366666666666667,0.7366666666666667,0.9266666666666664,0.96,0.04,1.0,1.4,0.0,0.0,0.2
deepseek_v4_pro,plan_first_token_matched,50,0.5402197632089273,0.4948266609680309,0.5898082285748307,0.92,0.84,0.98,0.552,0.504,0.5880000000000001,0.14,0.06,0.24,0.72,0.5933333333333333,0.83,0.96,0.04,1.0,2.08,0.0,0.0,0.36
deepseek_v4_pro,spec_first_token_matched,50,0.6368050272740675,0.5806154405621897,0.6932206152636493,0.68,0.56,0.8,0.68,0.56,0.8,0.1,0.02,0.18,0.8366666666666666,0.7321944444444446,0.93,0.86,0.14,1.0,1.44,0.0,0.0,0.22
