metric,model_a,model_b,mean_diff_a_minus_b,ci_low,ci_high,n_pairs
cc_f1,deepseek_v4_flash,deepseek_v4_pro,-0.09882327223858071,-0.1064966734973986,-0.09126166883506813,4500
donespec_valid,deepseek_v4_flash,deepseek_v4_pro,0.09977777777777778,0.0884388888888889,0.11155555555555556,4500
near_miss_detection_rate,deepseek_v4_flash,deepseek_v4_pro,0.05986666666666666,0.05306333333333333,0.06693333333333333,4500
task_success,deepseek_v4_flash,deepseek_v4_pro,0.005111111111111111,0.00021666666666666698,0.009783333333333328,4500
self_violation_rate,deepseek_v4_flash,deepseek_v4_pro,-0.01475705467372134,-0.02188507495590829,-0.007023423721340391,4500
