model,agent,n,cc_f1_mean,cc_f1_ci_low,cc_f1_ci_high,donespec_valid_mean,donespec_valid_ci_low,donespec_valid_ci_high,near_miss_detection_rate_mean,near_miss_detection_rate_ci_low,near_miss_detection_rate_ci_high,task_success_mean,task_success_ci_low,task_success_ci_high,self_violation_rate_mean,self_violation_rate_ci_low,self_violation_rate_ci_high
deepseek_v4_flash,direct_token_matched,500,0.478271759802682,0.4648224454953161,0.49200213115181657,1.0,1.0,1.0,0.68,0.6742857142857143,0.6851428571428572,0.37,0.32995,0.412,0.11876753246753247,0.10876548701298702,0.1284358766233766
deepseek_v4_flash,plan_first_token_matched,500,0.5160066432483057,0.49942620687140116,0.5313624706245438,0.986,0.974,0.996,0.6702857142857143,0.6617071428571428,0.679142857142857,0.244,0.208,0.28,0.1659079365079365,0.15240777777777775,0.17895067460317463
deepseek_v4_flash,spec_first_token_matched,500,0.6186712913170532,0.6049609494218687,0.633301458696722,0.822,0.788,0.854,0.822,0.788,0.854,0.238,0.202,0.276,0.30343397435897435,0.2743155448717949,0.335433125
deepseek_v4_pro,direct_token_matched,500,0.5882173222031599,0.5750377379806318,0.6026348838722484,0.976,0.962,0.988,0.663142857142857,0.6522785714285714,0.6728571428571429,0.142,0.112,0.176,0.2048333333333333,0.19183083333333337,0.21753583333333332
deepseek_v4_pro,plan_first_token_matched,500,0.5993592671120275,0.5859294849368833,0.6132959495613562,0.926,0.902,0.948,0.6294285714285713,0.6131357142857141,0.6457142857142857,0.18,0.14995,0.214,0.23360000000000003,0.212995,0.2543075
deepseek_v4_pro,spec_first_token_matched,500,0.6528314940098803,0.6367078442529241,0.6703278490184494,0.528,0.486,0.57,0.528,0.486,0.57,0.136,0.106,0.166,0.5619858974358974,0.5262209134615385,0.5973116346153845
