model,agent,n,cc_f1_mean,cc_f1_ci_low,cc_f1_ci_high,donespec_valid_mean,donespec_valid_ci_low,donespec_valid_ci_high,near_miss_detection_rate_mean,near_miss_detection_rate_ci_low,near_miss_detection_rate_ci_high,task_success_mean,task_success_ci_low,task_success_ci_high,self_violation_rate_mean,self_violation_rate_ci_low,self_violation_rate_ci_high
deepseek_v4_flash,direct,500,0.43684721171053115,0.42341123832429445,0.4515535645261022,0.998,0.994,1.0,0.5987999999999999,0.5963999999999998,0.5999999999999999,0.0,0.0,0.0,0.501,0.5,0.503
deepseek_v4_flash,plan_first,500,0.4759385932862848,0.4613473977246561,0.4916463747551263,0.998,0.994,1.0,0.5987999999999999,0.5963999999999998,0.5999999999999999,0.0,0.0,0.0,0.501,0.5,0.503
deepseek_v4_flash,spec_first,500,0.5666341397740173,0.5508808846875071,0.5824941660491921,0.844,0.81,0.876,0.5064,0.48599999999999993,0.5256,0.254,0.216,0.292,0.156,0.124,0.19
deepseek_v4_pro,direct,500,0.5999895694580268,0.5818840386320628,0.616295045109038,0.954,0.9359500000000001,0.97005,0.5724,0.5615699999999999,0.5820299999999999,0.0,0.0,0.0,0.523,0.514975,0.532025
deepseek_v4_pro,plan_first,500,0.5532840083401142,0.537364166971861,0.5696295791211899,0.936,0.912,0.958,0.5615999999999999,0.5471999999999999,0.5748,0.0,0.0,0.0,0.532,0.521,0.544
deepseek_v4_pro,spec_first,500,0.6803778404581017,0.6596079770556204,0.7010245559220771,0.738,0.69995,0.77605,0.44279999999999997,0.41996999999999995,0.46562999999999993,0.084,0.062,0.108,0.262,0.22395,0.30004999999999993
