model,agent,n,parsed,fallback,parse_rate,fallback_rate,mean_attempts,mean_latency_s,mean_prompt_tokens,mean_completion_tokens,mean_total_tokens,mean_prompt_chars,mean_raw_output_chars,repaired_rate,quarantine_recommended
deepseek_v4_flash,direct,100,98,2,0.98,0.02,1.0,20.59877468899911,452.85,1167.62,1620.47,1947.36,1514.85,0.0,False
deepseek_v4_flash,plan_first,100,100,0,1.0,0.0,1.0,24.20998669499997,460.85,1397.55,1858.4,1966.36,1680.91,0.06,False
deepseek_v4_flash,spec_first,100,91,9,0.91,0.09,1.0,30.9709481719989,453.85,1810.24,2264.09,1975.36,2093.41,0.09,False
deepseek_v4_pro,direct,100,90,10,0.9,0.1,1.0,70.97620940200024,452.85,1973.1,2425.95,1947.36,1950.16,0.26,False
deepseek_v4_pro,plan_first,100,94,6,0.94,0.06,1.0,66.66392245800205,460.85,1895.34,2356.19,1966.36,1935.52,0.17,False
deepseek_v4_pro,spec_first,100,68,32,0.68,0.32,1.0,78.7035145350016,453.85,2235.2,2689.05,1975.36,1673.84,0.24,True
