model,agent,n,parsed,fallback,parse_rate,fallback_rate,mean_attempts,mean_latency_s,mean_prompt_tokens,mean_completion_tokens,mean_total_tokens,mean_prompt_chars,mean_raw_output_chars
deepseek_v4_flash,direct,500,496,4,0.992,0.008,1.0,19.349020387599914,457.87,1110.406,1568.276,1971.144,1492.244
deepseek_v4_flash,plan_first,500,487,13,0.974,0.026,1.0,20.300229072200075,465.87,1316.76,1782.63,1990.144,1641.078
deepseek_v4_flash,spec_first,500,472,28,0.944,0.056,1.0,25.029670190199976,458.87,1673.054,2131.924,1999.144,2350.918
deepseek_v4_pro,direct,500,444,56,0.888,0.112,1.0,59.737356319599435,457.87,1949.516,2407.386,1971.144,2176.548
deepseek_v4_pro,plan_first,500,475,25,0.95,0.05,1.0,56.13617279560023,465.87,1790.39,2256.26,1990.144,2008.72
deepseek_v4_pro,spec_first,500,318,182,0.636,0.364,1.0,67.72869177419975,458.87,2206.362,2665.232,1999.144,1663.61
