task_id,domain,difficulty,agent,model,trial,cc_precision,cc_recall,cc_f1,success_f1,failure_f1,required_observation_recall,overconstraint_rate,underspecification_rate,donespec_valid,near_miss_detection_rate,near_miss_false_accept_rate,valid_accept_rate,verifier_robustness_balanced_accuracy,task_success,own_spec_pass,spec_action_consistency,self_violation_rate,quadrant
email_028,email,L2,spec_first,deepseek_v4_flash,0,1.0,0.5333333333333333,0.6956521739130436,0.6666666666666666,0.8,0.5,0.0,0.4666666666666667,1.0,0.7142857142857143,0.2857142857142857,1.0,0.8571428571428572,1.0,1.0,1.0,0.0,bad_spec_good_execution
sheet_db_027,sheet_db,L2,spec_first,deepseek_v4_flash,0,1.0,0.6,0.7499999999999999,0.7499999999999999,0.8,0.5,0.0,0.4,1.0,0.7142857142857143,0.2857142857142857,1.0,0.8571428571428572,1.0,1.0,1.0,0.0,bad_spec_good_execution
sheet_db_031,sheet_db,L2,spec_first,deepseek_v4_flash,0,1.0,0.4,0.5714285714285715,0.33333333333333337,1.0,0.5,0.0,0.6,1.0,0.7142857142857143,0.2857142857142857,1.0,0.8571428571428572,1.0,1.0,1.0,0.0,bad_spec_good_execution
sheet_db_032,sheet_db,L2,spec_first,deepseek_v4_flash,0,1.0,0.4,0.5714285714285715,0.33333333333333337,0.8,1.0,0.0,0.6,1.0,0.7142857142857143,0.2857142857142857,1.0,0.8571428571428572,1.0,1.0,1.0,0.0,bad_spec_good_execution
email_023,email,L2,spec_first,deepseek_v4_pro,0,1.0,0.4666666666666667,0.6363636363636364,0.4615384615384615,0.8,1.0,0.0,0.5333333333333333,1.0,0.7142857142857143,0.2857142857142857,1.0,0.8571428571428572,1.0,1.0,1.0,0.0,bad_spec_good_execution
email_038,email,L2,spec_first,deepseek_v4_pro,0,1.0,0.6,0.7499999999999999,0.6666666666666666,0.8,1.0,0.0,0.4,1.0,0.7142857142857143,0.2857142857142857,1.0,0.8571428571428572,1.0,1.0,1.0,0.0,bad_spec_good_execution
crm_workflow_039,crm_workflow,L2,spec_first,deepseek_v4_pro,0,1.0,0.5333333333333333,0.6956521739130436,0.625,0.6666666666666666,1.0,0.0,0.4666666666666667,1.0,0.7142857142857143,0.2857142857142857,1.0,0.8571428571428572,1.0,1.0,1.0,0.0,bad_spec_good_execution
