model,agent,n,cc_f1_mean,cc_f1_ci_low,cc_f1_ci_high,donespec_valid_mean,donespec_valid_ci_low,donespec_valid_ci_high,near_miss_detection_rate_mean,near_miss_detection_rate_ci_low,near_miss_detection_rate_ci_high,task_success_mean,task_success_ci_low,task_success_ci_high,self_violation_rate_mean,self_violation_rate_ci_low,self_violation_rate_ci_high
deepseek_v4_flash,direct,100,0.5075337085213699,0.4728114785037594,0.5398827104751303,1.0,1.0,1.0,0.714285714285714,0.714285714285714,0.714285714285714,0.0,0.0,0.0,0.40619047619047616,0.37939880952380955,0.43298511904761905
deepseek_v4_flash,plan_first,100,0.5118221454589741,0.47999524890463774,0.5429113046581229,1.0,1.0,1.0,0.714285714285714,0.714285714285714,0.714285714285714,0.0,0.0,0.0,0.44273809523809526,0.4195238095238096,0.4654880952380952
deepseek_v4_flash,spec_first,100,0.6333920649202095,0.5985125763844756,0.6671952128610624,0.94,0.89,0.98,0.6714285714285713,0.6357142857142858,0.6999999999999997,0.06,0.02,0.11,0.40946428571428567,0.361641865079365,0.45528422619047615
deepseek_v4_pro,direct,100,0.6240224686951656,0.5881958340420448,0.6609795546458107,0.99,0.96975,1.0,0.707142857142857,0.6926785714285711,0.714285714285714,0.0,0.0,0.0,0.4767857142857143,0.4557142857142857,0.4964285714285714
deepseek_v4_pro,plan_first,100,0.6153091080555247,0.5775511545745364,0.6486763819517395,0.92,0.87,0.97,0.657142857142857,0.6214285714285714,0.6928571428571426,0.0,0.0,0.0,0.5067857142857143,0.47214285714285714,0.5409062499999999
deepseek_v4_pro,spec_first,100,0.7193860355462326,0.6772015605274561,0.7592611137279665,0.68,0.59,0.76,0.48571428571428577,0.4214285714285715,0.5428571428571429,0.07,0.03,0.12,0.5681746031746031,0.49926388888888884,0.6356686507936508
