difficulty,model,agent,n,cc_f1,donespec_valid,near_miss_detection_rate,task_success,self_violation_rate
L2,deepseek_v4_flash,direct,100,0.5075337085213699,1.0,0.714285714285714,0.0,0.40619047619047616
L2,deepseek_v4_flash,plan_first,100,0.5118221454589741,1.0,0.714285714285714,0.0,0.44273809523809526
L2,deepseek_v4_flash,spec_first,100,0.6333920649202095,0.94,0.6714285714285713,0.06,0.40946428571428567
L2,deepseek_v4_pro,direct,100,0.6240224686951656,0.99,0.707142857142857,0.0,0.4767857142857143
L2,deepseek_v4_pro,plan_first,100,0.6153091080555247,0.92,0.657142857142857,0.0,0.5067857142857143
L2,deepseek_v4_pro,spec_first,100,0.7193860355462326,0.68,0.48571428571428577,0.07,0.5681746031746031
