metric,model_a,model_b,mean_diff_a_minus_b,ci_low,ci_high,n_pairs
cc_f1,deepseek_v4_flash,deepseek_v4_pro,-0.1019898977987898,-0.1315512920053636,-0.07279607611573166,300
donespec_valid,deepseek_v4_flash,deepseek_v4_pro,0.11666666666666667,0.07666666666666666,0.15666666666666668,300
near_miss_detection_rate,deepseek_v4_flash,deepseek_v4_pro,0.08333333333333333,0.054761904761904755,0.1119047619047619,300
task_success,deepseek_v4_flash,deepseek_v4_pro,-0.0033333333333333335,-0.02666666666666667,0.016749999999999925,300
self_violation_rate,deepseek_v4_flash,deepseek_v4_pro,-0.09778439153439154,-0.1311965939153439,-0.06563458994708994,300
