model,agent,n,cc_f1_mean,cc_f1_ci_low,cc_f1_ci_high,donespec_valid_mean,donespec_valid_ci_low,donespec_valid_ci_high,near_miss_detection_rate_mean,near_miss_detection_rate_ci_low,near_miss_detection_rate_ci_high,task_success_mean,task_success_ci_low,task_success_ci_high,self_violation_rate_mean,self_violation_rate_ci_low,self_violation_rate_ci_high
deepseek_v4_flash,direct,250,0.4538732959850606,0.4358889393449687,0.47251187190260713,1.0,1.0,1.0,0.6,0.6,0.6,0.0,0.0,0.0,1.0,1.0,1.0
deepseek_v4_flash,plan_first,250,0.5047457894358822,0.48386502124466524,0.527904629938345,0.988,0.972,1.0,0.5928,0.5832,0.6,0.0,0.0,0.0,1.0,1.0,1.0
deepseek_v4_flash,spec_first,250,0.6007153868834982,0.577266093438725,0.6249545169768312,0.884,0.848,0.92,0.5304,0.5087999999999999,0.552,0.12,0.08,0.1600999999999999,0.7806666666666667,0.728,0.8300166666666666
deepseek_v4_pro,direct,250,0.5955339336274321,0.5680943607415977,0.6199909866956229,0.968,0.9479,0.988,0.5808,0.56874,0.5928,0.0,0.0,0.0,1.0,1.0,1.0
deepseek_v4_pro,plan_first,250,0.5784309741170421,0.5523769930198801,0.605501106319721,0.928,0.892,0.96,0.5568,0.5352,0.576,0.0,0.0,0.0,1.0,1.0,1.0
deepseek_v4_pro,spec_first,250,0.7013607741072138,0.6706312820796334,0.7321420302263956,0.756,0.704,0.808,0.45359999999999995,0.4224,0.48479999999999995,0.136,0.09590000000000001,0.18,0.736,0.678,0.7886833333333333
